/*
SQLyog Enterprise v11.11 (32 bit)
MySQL - 5.6.11-log : Database - dlayer
*********************************************************************
*/

/*!40101 SET NAMES utf8 */;

/*!40101 SET SQL_MODE=''*/;

/*!40014 SET @OLD_UNIQUE_CHECKS=@@UNIQUE_CHECKS, UNIQUE_CHECKS=0 */;
/*!40014 SET @OLD_FOREIGN_KEY_CHECKS=@@FOREIGN_KEY_CHECKS, FOREIGN_KEY_CHECKS=0 */;
/*!40101 SET @OLD_SQL_MODE=@@SQL_MODE, SQL_MODE='NO_AUTO_VALUE_ON_ZERO' */;
/*!40111 SET @OLD_SQL_NOTES=@@SQL_NOTES, SQL_NOTES=0 */;
CREATE DATABASE /*!32312 IF NOT EXISTS*/`dlayer` /*!40100 DEFAULT CHARACTER SET utf8 COLLATE utf8_unicode_ci */;

USE `dlayer`;

/*Table structure for table `designer_color_palette_colors` */

DROP TABLE IF EXISTS `designer_color_palette_colors`;

CREATE TABLE `designer_color_palette_colors` (
  `id` int(11) unsigned NOT NULL AUTO_INCREMENT,
  `palette_id` int(11) unsigned NOT NULL,
  `color_type_id` tinyint(3) unsigned NOT NULL,
  `name` varchar(255) COLLATE utf8_unicode_ci NOT NULL,
  `hex` char(7) COLLATE utf8_unicode_ci NOT NULL,
  `r` smallint(3) NOT NULL DEFAULT '0',
  `g` smallint(3) NOT NULL DEFAULT '0',
  `b` smallint(3) NOT NULL DEFAULT '0',
  `enabled` tinyint(1) unsigned NOT NULL DEFAULT '0',
  PRIMARY KEY (`id`),
  KEY `enabled` (`enabled`),
  KEY `palette_id` (`palette_id`),
  KEY `color_type_id` (`color_type_id`),
  CONSTRAINT `designer_color_palette_colors_ibfk_1` FOREIGN KEY (`palette_id`) REFERENCES `designer_color_palettes` (`id`),
  CONSTRAINT `designer_color_palette_colors_ibfk_2` FOREIGN KEY (`color_type_id`) REFERENCES `designer_color_types` (`id`)
) ENGINE=InnoDB AUTO_INCREMENT=10 DEFAULT CHARSET=utf8 COLLATE=utf8_unicode_ci;

/*Data for the table `designer_color_palette_colors` */

insert  into `designer_color_palette_colors`(`id`,`palette_id`,`color_type_id`,`name`,`hex`,`r`,`g`,`b`,`enabled`) values (1,1,1,'Black','#000000',0,0,0,1),(2,1,2,'Tan','#f3f1df',127,127,127,1),(3,1,3,'Dark grey','#666666',102,102,102,1),(4,2,1,'Blue','#336699',51,102,127,1),(5,2,2,'Dark grey','#666666',102,102,102,1),(6,2,3,'Grey','#999999',127,127,127,1),(7,3,1,'Blue','#003366',0,51,102,1),(8,3,2,'White','#FFFFFF',127,127,127,1),(9,3,3,'Orange','#FF6600',255,255,255,1);

/*Table structure for table `designer_color_palettes` */

DROP TABLE IF EXISTS `designer_color_palettes`;

CREATE TABLE `designer_color_palettes` (
  `id` int(11) unsigned NOT NULL AUTO_INCREMENT,
  `name` varchar(255) COLLATE utf8_unicode_ci NOT NULL,
  `view_script` char(9) COLLATE utf8_unicode_ci NOT NULL,
  `enabled` tinyint(1) unsigned NOT NULL DEFAULT '0',
  PRIMARY KEY (`id`),
  KEY `enabled` (`enabled`)
) ENGINE=InnoDB AUTO_INCREMENT=4 DEFAULT CHARSET=utf8 COLLATE=utf8_unicode_ci;

/*Data for the table `designer_color_palettes` */

insert  into `designer_color_palettes`(`id`,`name`,`view_script`,`enabled`) values (1,'Palette 1','palette-1',1),(2,'Palette 2','palette-2',1),(3,'Palette 3','palette-3',1);

/*Table structure for table `designer_color_types` */

DROP TABLE IF EXISTS `designer_color_types`;

CREATE TABLE `designer_color_types` (
  `id` tinyint(3) unsigned NOT NULL AUTO_INCREMENT,
  `type` varchar(15) COLLATE utf8_unicode_ci NOT NULL,
  PRIMARY KEY (`id`)
) ENGINE=InnoDB AUTO_INCREMENT=4 DEFAULT CHARSET=utf8 COLLATE=utf8_unicode_ci;

/*Data for the table `designer_color_types` */

insert  into `designer_color_types`(`id`,`type`) values (1,'Primary'),(2,'Secondary'),(3,'Tertiary');

/*Table structure for table `designer_content_types` */

DROP TABLE IF EXISTS `designer_content_types`;

CREATE TABLE `designer_content_types` (
  `id` int(11) unsigned NOT NULL AUTO_INCREMENT,
  `name` varchar(25) COLLATE utf8_unicode_ci NOT NULL,
  `description` varchar(255) COLLATE utf8_unicode_ci NOT NULL,
  `enabled` tinyint(1) unsigned NOT NULL DEFAULT '0',
  PRIMARY KEY (`id`)
) ENGINE=InnoDB AUTO_INCREMENT=2 DEFAULT CHARSET=utf8 COLLATE=utf8_unicode_ci;

/*Data for the table `designer_content_types` */

insert  into `designer_content_types`(`id`,`name`,`description`,`enabled`) values (1,'text','Text block',1);

/*Table structure for table `designer_css_border_styles` */

DROP TABLE IF EXISTS `designer_css_border_styles`;

CREATE TABLE `designer_css_border_styles` (
  `id` tinyint(3) unsigned NOT NULL AUTO_INCREMENT,
  `name` varchar(25) COLLATE utf8_unicode_ci NOT NULL,
  `style` varchar(25) COLLATE utf8_unicode_ci NOT NULL,
  `sort_order` tinyint(3) unsigned NOT NULL DEFAULT '1',
  `enabled` tinyint(1) unsigned NOT NULL DEFAULT '0',
  PRIMARY KEY (`id`),
  UNIQUE KEY `style` (`style`),
  KEY `sort_order` (`sort_order`),
  KEY `enabled` (`enabled`)
) ENGINE=InnoDB AUTO_INCREMENT=4 DEFAULT CHARSET=utf8 COLLATE=utf8_unicode_ci COMMENT='Border styles that can be used within the designers';

/*Data for the table `designer_css_border_styles` */

insert  into `designer_css_border_styles`(`id`,`name`,`style`,`sort_order`,`enabled`) values (1,'Solid','solid',1,1),(2,'Dashed','dashed',2,1),(3,'No border','none',9,1);

/*Table structure for table `designer_css_text_decorations` */

DROP TABLE IF EXISTS `designer_css_text_decorations`;

CREATE TABLE `designer_css_text_decorations` (
  `id` tinyint(3) unsigned NOT NULL AUTO_INCREMENT,
  `name` varchar(255) COLLATE utf8_unicode_ci NOT NULL,
  `css` varchar(25) COLLATE utf8_unicode_ci NOT NULL,
  `sort_order` tinyint(3) unsigned NOT NULL DEFAULT '1',
  `enabled` tinyint(1) NOT NULL DEFAULT '0',
  PRIMARY KEY (`id`),
  KEY `enabled` (`enabled`)
) ENGINE=InnoDB AUTO_INCREMENT=4 DEFAULT CHARSET=utf8 COLLATE=utf8_unicode_ci;

/*Data for the table `designer_css_text_decorations` */

insert  into `designer_css_text_decorations`(`id`,`name`,`css`,`sort_order`,`enabled`) values (1,'None','none',1,1),(2,'Underline','underline',2,1),(3,'Strike-through','line-through',3,1);

/*Table structure for table `designer_css_text_styles` */

DROP TABLE IF EXISTS `designer_css_text_styles`;

CREATE TABLE `designer_css_text_styles` (
  `id` tinyint(3) unsigned NOT NULL AUTO_INCREMENT,
  `name` varchar(255) COLLATE utf8_unicode_ci NOT NULL,
  `css` varchar(25) COLLATE utf8_unicode_ci NOT NULL,
  `sort_order` tinyint(3) unsigned NOT NULL DEFAULT '1',
  `enabled` tinyint(1) NOT NULL DEFAULT '0',
  PRIMARY KEY (`id`),
  KEY `enabled` (`enabled`)
) ENGINE=InnoDB AUTO_INCREMENT=4 DEFAULT CHARSET=utf8 COLLATE=utf8_unicode_ci;

/*Data for the table `designer_css_text_styles` */

insert  into `designer_css_text_styles`(`id`,`name`,`css`,`sort_order`,`enabled`) values (1,'Normal','normal',1,1),(2,'Italic','italic',2,1),(3,'Oblique','oblique',3,1);

/*Table structure for table `designer_css_text_weights` */

DROP TABLE IF EXISTS `designer_css_text_weights`;

CREATE TABLE `designer_css_text_weights` (
  `id` tinyint(3) unsigned NOT NULL AUTO_INCREMENT,
  `name` varchar(255) COLLATE utf8_unicode_ci NOT NULL,
  `css` varchar(25) COLLATE utf8_unicode_ci NOT NULL,
  `sort_order` tinyint(3) unsigned NOT NULL DEFAULT '1',
  `enabled` tinyint(1) NOT NULL DEFAULT '0',
  PRIMARY KEY (`id`),
  KEY `enabled` (`enabled`)
) ENGINE=InnoDB AUTO_INCREMENT=4 DEFAULT CHARSET=utf8 COLLATE=utf8_unicode_ci;

/*Data for the table `designer_css_text_weights` */

insert  into `designer_css_text_weights`(`id`,`name`,`css`,`sort_order`,`enabled`) values (1,'Normal','400',1,1),(2,'Bold','700',2,1),(3,'Light','100',3,1);

/*Table structure for table `designer_html_headings` */

DROP TABLE IF EXISTS `designer_html_headings`;

CREATE TABLE `designer_html_headings` (
  `id` tinyint(3) unsigned NOT NULL AUTO_INCREMENT,
  `name` varchar(255) COLLATE utf8_unicode_ci NOT NULL,
  `tag` char(2) COLLATE utf8_unicode_ci NOT NULL,
  `sort_order` tinyint(3) unsigned NOT NULL DEFAULT '1',
  `enabled` tinyint(1) unsigned NOT NULL DEFAULT '0',
  PRIMARY KEY (`id`),
  KEY `enabled` (`enabled`)
) ENGINE=InnoDB AUTO_INCREMENT=8 DEFAULT CHARSET=utf8 COLLATE=utf8_unicode_ci;

/*Data for the table `designer_html_headings` */

insert  into `designer_html_headings`(`id`,`name`,`tag`,`sort_order`,`enabled`) values (1,'Page title','h1',1,1),(2,'Heading 1','h2',2,1),(3,'Heading 2','h3',3,1),(4,'Heading 3','h4',4,1),(5,'Heading 4','h5',5,1),(6,'Heading 5','h6',6,1),(7,'Heading 6','h7',7,1);

/*Table structure for table `dlayer_development_log` */

DROP TABLE IF EXISTS `dlayer_development_log`;

CREATE TABLE `dlayer_development_log` (
  `id` int(11) unsigned NOT NULL AUTO_INCREMENT,
  `change` text COLLATE utf8_unicode_ci NOT NULL,
  `added` timestamp NOT NULL DEFAULT CURRENT_TIMESTAMP,
  `enabled` tinyint(1) unsigned NOT NULL DEFAULT '1',
  PRIMARY KEY (`id`)
) ENGINE=InnoDB AUTO_INCREMENT=26 DEFAULT CHARSET=utf8 COLLATE=utf8_unicode_ci;

/*Data for the table `dlayer_development_log` */

insert  into `dlayer_development_log`(`id`,`change`,`added`,`enabled`) values (1,'Added a development log to Dlayer to show changes to the application, two reasons, one to spur on my development, two, to show the public what I am adding.','2013-04-05 00:38:16',1),(2,'Added a pagination view helper, update of my existing pagination view helper.','2013-04-05 00:38:52',1),(6,'Added a helper class to the library, couple of static helper functions.','2013-04-08 01:20:22',1),(7,'Updated the pagination view helper, added the ability to define text to use for links and also updated the logic for \'of n\' text.','2013-04-08 02:03:42',1),(8,'Updated the default styling for tables, header row and table rows.','2013-04-08 02:19:22',1),(9,'Added the form the the add text field tool in the forms builder.','2013-04-12 18:15:57',1),(10,'Updated the base forms class, addElementsToForm() to form updated, now able to create multiple fieldsets, one per call.','2013-04-14 18:18:04',1),(11,'Updated all the help text for the template designer, all now simpler.','2013-04-16 18:19:34',1),(12,'Added the form the the add textarea tool in the forms builder.','2013-04-20 18:20:36',1),(13,'Updated pagination view helper, can now show either \'item n-m of o\' or \'page n of m\' between the next and previous links.','2013-04-21 18:46:50',1),(14,'Added base tool process model for form builder, working on the add text field process tool model.','2013-04-25 01:37:41',1),(16,'Text field can now be added to the form in the form builder, still need to add the edit mode.','2013-05-04 22:44:24',1),(17,'Text area field can now be added to the form, edit mode still needs to be added.','2013-05-12 02:27:58',1),(18,'Form builder now supports text area fields.','2013-05-12 02:28:13',1),(19,'Added basic styling for the form builder forms.','2013-05-12 03:12:49',1),(20,'The add field forms in the form builder now add the attributes for the text and textarea field types.','2013-05-14 01:48:24',1),(21,'Field attributes are now saved to the database and then pulled in the form builder and attached to the inputs.','2013-05-15 01:43:55',1),(22,'Reworked the javascript, selector functions have been moved to the module javascript files rather than the base Dlayer file.','2013-05-21 01:49:48',1),(23,'Public set methods (div and form field) now checks that the given id belongs to the currently set template/form and site.','2013-05-28 01:02:38',1),(24,'Form module ribbon forms now show existing values when in edit mode.','2013-06-01 01:26:25',1),(25,'Edit mode in place for form text fields and form textarea fields','2013-06-11 00:00:23',1);

/*Table structure for table `dlayer_module_tool_tabs` */

DROP TABLE IF EXISTS `dlayer_module_tool_tabs`;

CREATE TABLE `dlayer_module_tool_tabs` (
  `id` int(11) unsigned NOT NULL AUTO_INCREMENT,
  `module_id` tinyint(2) unsigned NOT NULL,
  `tool_id` int(11) unsigned NOT NULL,
  `name` varchar(255) COLLATE utf8_unicode_ci NOT NULL,
  `view_script` varchar(255) COLLATE utf8_unicode_ci NOT NULL COMMENT 'View script for tool tab',
  `multi_use` tinyint(1) unsigned NOT NULL DEFAULT '0',
  `default` tinyint(1) unsigned NOT NULL DEFAULT '0',
  `sort_order` tinyint(3) unsigned NOT NULL DEFAULT '1',
  `enabled` tinyint(1) unsigned NOT NULL DEFAULT '0',
  PRIMARY KEY (`id`),
  UNIQUE KEY `tool_tab` (`tool_id`,`view_script`),
  KEY `name` (`name`),
  KEY `sort_order` (`sort_order`),
  KEY `enabled` (`enabled`),
  KEY `module_id` (`module_id`),
  CONSTRAINT `dlayer_module_tool_tabs_ibfk_1` FOREIGN KEY (`module_id`) REFERENCES `dlayer_modules` (`id`),
  CONSTRAINT `dlayer_module_tool_tabs_ibfk_2` FOREIGN KEY (`tool_id`) REFERENCES `dlayer_module_tools` (`id`)
) ENGINE=InnoDB AUTO_INCREMENT=31 DEFAULT CHARSET=utf8 COLLATE=utf8_unicode_ci;

/*Data for the table `dlayer_module_tool_tabs` */

insert  into `dlayer_module_tool_tabs`(`id`,`module_id`,`tool_id`,`name`,`view_script`,`multi_use`,`default`,`sort_order`,`enabled`) values (1,1,2,'Quick split','quick',0,1,1,1),(2,1,2,'Split with mouse','advanced',0,0,2,1),(3,1,2,'Help','help',0,0,3,1),(4,1,3,'Quick split','quick',0,1,1,1),(5,1,3,'Split with mouse','advanced',0,0,2,1),(6,1,3,'Help','help',0,0,3,1),(7,1,7,'Palette 1','palette-1',0,1,1,1),(8,1,7,'Palette 2','palette-2',0,0,2,1),(9,1,7,'Palette 3','palette-3',0,0,3,1),(10,1,7,'Set custom color','advanced',0,0,4,1),(11,1,7,'Help','help',0,0,5,1),(12,1,6,'Set custom size','advanced',1,0,4,1),(14,1,6,'Help','help',0,0,5,1),(15,1,6,'Expand','expand',1,1,1,1),(16,1,6,'Contract','contract',1,0,2,1),(17,1,6,'Adjust height','height',1,0,3,1),(20,1,8,'Set custom border','advanced',1,1,2,1),(21,1,8,'Help','help',0,0,3,1),(22,1,8,'Full border','full',0,0,1,1),(23,4,10,'Text','text',1,1,1,1),(24,4,11,'Header','header',1,1,1,1),(25,4,10,'Help','help',0,0,2,1),(26,4,11,'Help','help',0,0,2,1),(27,3,12,'Text','text',0,1,1,1),(28,3,12,'Help','help',0,0,2,1),(29,3,13,'Text area','textarea',0,1,1,1),(30,3,13,'Help','help',0,0,2,1);

/*Table structure for table `dlayer_module_tools` */

DROP TABLE IF EXISTS `dlayer_module_tools`;

CREATE TABLE `dlayer_module_tools` (
  `id` int(11) unsigned NOT NULL AUTO_INCREMENT,
  `module_id` tinyint(3) unsigned NOT NULL,
  `name` varchar(255) COLLATE utf8_unicode_ci NOT NULL,
  `tool` varchar(255) COLLATE utf8_unicode_ci NOT NULL COMMENT 'Tool name to use through code',
  `tool_model` varchar(255) COLLATE utf8_unicode_ci DEFAULT NULL COMMENT 'Tool process model',
  `folder` varchar(255) COLLATE utf8_unicode_ci DEFAULT NULL COMMENT 'Folder for tool tab ciew scripts',
  `icon` varchar(25) COLLATE utf8_unicode_ci NOT NULL,
  `base` tinyint(1) unsigned NOT NULL DEFAULT '1' COMMENT 'Can tool run on base div',
  `group_id` tinyint(3) unsigned NOT NULL DEFAULT '1' COMMENT 'Group within toolbar',
  `sort_order` tinyint(1) unsigned NOT NULL DEFAULT '1' COMMENT 'Sort order within group',
  `enabled` tinyint(1) unsigned NOT NULL DEFAULT '0',
  PRIMARY KEY (`id`),
  UNIQUE KEY `tool` (`module_id`,`tool`),
  KEY `group_id` (`group_id`),
  KEY `sort_order` (`sort_order`),
  CONSTRAINT `dlayer_module_tools_ibfk_1` FOREIGN KEY (`module_id`) REFERENCES `dlayer_modules` (`id`)
) ENGINE=InnoDB AUTO_INCREMENT=15 DEFAULT CHARSET=utf8 COLLATE=utf8_unicode_ci;

/*Data for the table `dlayer_module_tools` */

insert  into `dlayer_module_tools`(`id`,`module_id`,`name`,`tool`,`tool_model`,`folder`,`icon`,`base`,`group_id`,`sort_order`,`enabled`) values (1,1,'Cancel','cancel',NULL,'cancel','cancel.png',1,1,1,1),(2,1,'Split horizontal','split-horizontal','SplitHorizontal','split-horizontal','split-horizontal.png',1,2,1,1),(3,1,'Split vertical','split-vertical','SplitVertical','split-vertical','split-vertical.png',1,2,2,1),(6,1,'Resize','resize','Resize','resize','resize.png',0,3,3,1),(7,1,'Background color','background-color','BackgroundColor','background-color','background-color.png',1,4,1,1),(8,1,'Border','border','Border','border','border.png',0,4,2,1),(9,4,'Cancel','cancel',NULL,'cancel','cancel.png',1,1,1,1),(10,4,'Text','text','Text','text','text.png',0,2,1,1),(11,4,'Header','header','Header','header','header.png',0,2,2,1),(12,3,'Text','text','Text','text','text.png',0,2,1,1),(13,3,'Text area','textarea','Textarea','textarea','textarea.png',0,2,2,1),(14,3,'Cancel','cancel',NULL,'cancel','cancel.png',1,1,1,1);

/*Table structure for table `dlayer_modules` */

DROP TABLE IF EXISTS `dlayer_modules`;

CREATE TABLE `dlayer_modules` (
  `id` tinyint(3) unsigned NOT NULL AUTO_INCREMENT,
  `name` varchar(25) COLLATE utf8_unicode_ci NOT NULL,
  `title` varchar(255) COLLATE utf8_unicode_ci NOT NULL,
  `description` text COLLATE utf8_unicode_ci NOT NULL,
  `icon` varchar(25) COLLATE utf8_unicode_ci NOT NULL,
  `sort_order` tinyint(3) unsigned NOT NULL DEFAULT '1',
  `enabled` tinyint(1) unsigned NOT NULL DEFAULT '0',
  PRIMARY KEY (`id`),
  UNIQUE KEY `name` (`name`),
  KEY `enabled` (`enabled`)
) ENGINE=InnoDB AUTO_INCREMENT=6 DEFAULT CHARSET=utf8 COLLATE=utf8_unicode_ci;

/*Data for the table `dlayer_modules` */

insert  into `dlayer_modules`(`id`,`name`,`title`,`description`,`icon`,`sort_order`,`enabled`) values (1,'template','Template designer','Design templates which define the basic structure for a webpage.','template.png',1,1),(2,'widget','Widget designer','Widgets are reusable fragments, if you have something that needs to appear on multiple pages it should probably be a widget.','widget.png',4,1),(3,'form','Forms builder','Create a form to capture user input.','form.png',3,1),(4,'content','Content manager','Create pages and add content to them, content can be anything, text, images, forms, widgets.','content.png',2,1),(5,'website','Website manager','Define the structure of your website by setting the relationship between web pages.','website.png',5,1);

/*Table structure for table `dlayer_sessions` */

DROP TABLE IF EXISTS `dlayer_sessions`;

CREATE TABLE `dlayer_sessions` (
  `session_id` char(32) COLLATE utf8_unicode_ci NOT NULL,
  `save_path` varchar(255) COLLATE utf8_unicode_ci NOT NULL,
  `name` varchar(255) COLLATE utf8_unicode_ci NOT NULL DEFAULT '',
  `modified` int(11) DEFAULT NULL,
  `lifetime` int(11) DEFAULT NULL,
  `session_data` text COLLATE utf8_unicode_ci,
  PRIMARY KEY (`session_id`,`save_path`,`name`)
) ENGINE=InnoDB DEFAULT CHARSET=utf8 COLLATE=utf8_unicode_ci;

/*Data for the table `dlayer_sessions` */

insert  into `dlayer_sessions`(`session_id`,`save_path`,`name`,`modified`,`lifetime`,`session_data`) values ('6ig51huquab6hu91n5i61hsm76','','PHPSESSID',1371512215,1440,'__ZF|a:2:{s:14:\"dlayer_session\";a:1:{s:3:\"ENT\";i:1371515815;}s:23:\"dlayer_session_template\";a:1:{s:3:\"ENT\";i:1371515815;}}dlayer_session|a:2:{s:7:\"site_id\";i:1;s:9:\"module_id\";s:1:\"1\";}dlayer_session_template|a:5:{s:11:\"template_id\";i:1;s:4:\"tool\";s:6:\"resize\";s:6:\"div_id\";s:3:\"161\";s:10:\"tool_model\";s:6:\"Resize\";s:3:\"tab\";s:6:\"expand\";}'),('e3bb6mj69rh6i3gldlshhqsja6','','PHPSESSID',1371426420,1440,'__ZF|a:3:{s:14:\"dlayer_session\";a:1:{s:3:\"ENT\";i:1371430020;}s:19:\"dlayer_session_form\";a:1:{s:3:\"ENT\";i:1371429351;}s:23:\"dlayer_session_template\";a:1:{s:3:\"ENT\";i:1371430020;}}dlayer_session|a:2:{s:7:\"site_id\";i:1;s:9:\"module_id\";s:1:\"1\";}dlayer_session_form|a:3:{s:7:\"form_id\";i:1;s:4:\"tool\";N;s:8:\"field_id\";N;}dlayer_session_template|a:5:{s:11:\"template_id\";i:1;s:4:\"tool\";s:6:\"resize\";s:6:\"div_id\";s:3:\"163\";s:10:\"tool_model\";s:6:\"Resize\";s:3:\"tab\";s:6:\"height\";}'),('ekljlhu3ocu3sofsd7k144rim5','','PHPSESSID',1371596311,1440,'__ZF|a:2:{s:14:\"dlayer_session\";a:1:{s:3:\"ENT\";i:1371599911;}s:23:\"dlayer_session_template\";a:1:{s:3:\"ENT\";i:1371599911;}}dlayer_session|a:2:{s:7:\"site_id\";i:1;s:9:\"module_id\";s:1:\"1\";}dlayer_session_template|a:5:{s:11:\"template_id\";i:1;s:4:\"tool\";s:6:\"resize\";s:6:\"div_id\";s:3:\"163\";s:10:\"tool_model\";s:6:\"Resize\";s:3:\"tab\";s:6:\"height\";}'),('gl1ddjv65mk9mfcviosefmrf33','','PHPSESSID',1371416288,1440,'__ZF|a:3:{s:14:\"dlayer_session\";a:1:{s:3:\"ENT\";i:1371419888;}s:22:\"dlayer_session_content\";a:1:{s:3:\"ENT\";i:1371419857;}s:19:\"dlayer_session_form\";a:1:{s:3:\"ENT\";i:1371419888;}}dlayer_session|a:2:{s:7:\"site_id\";i:1;s:9:\"module_id\";s:1:\"3\";}dlayer_session_content|a:5:{s:11:\"template_id\";i:1;s:7:\"page_id\";i:1;s:15:\"selected_div_id\";N;s:19:\"selected_content_id\";N;s:4:\"tool\";N;}dlayer_session_form|a:5:{s:7:\"form_id\";i:1;s:4:\"tool\";s:8:\"textarea\";s:14:\"selected_field\";s:1:\"3\";s:10:\"tool_model\";s:8:\"Textarea\";s:3:\"tab\";s:8:\"textarea\";}'),('t6936t9npoom3nrld0eu8m5o40','','PHPSESSID',1371688508,1440,'__ZF|a:4:{s:14:\"dlayer_session\";a:1:{s:3:\"ENT\";i:1371692108;}s:23:\"dlayer_session_template\";a:1:{s:3:\"ENT\";i:1371691853;}s:19:\"dlayer_session_form\";a:1:{s:3:\"ENT\";i:1371691865;}s:22:\"dlayer_session_content\";a:1:{s:3:\"ENT\";i:1371692108;}}dlayer_session|a:2:{s:7:\"site_id\";i:1;s:9:\"module_id\";s:1:\"4\";}dlayer_session_template|a:5:{s:11:\"template_id\";i:1;s:4:\"tool\";N;s:6:\"div_id\";N;s:10:\"tool_model\";s:6:\"Resize\";s:3:\"tab\";N;}dlayer_session_form|a:3:{s:7:\"form_id\";i:1;s:4:\"tool\";N;s:8:\"field_id\";N;}dlayer_session_content|a:5:{s:11:\"template_id\";i:1;s:7:\"page_id\";i:1;s:15:\"selected_div_id\";s:3:\"163\";s:19:\"selected_content_id\";N;s:4:\"tool\";N;}'),('thr6pghf0b83jqacvs4eeg8iu2','','PHPSESSID',1371415600,1440,'__ZF|a:3:{s:14:\"dlayer_session\";a:1:{s:3:\"ENT\";i:1371419200;}s:19:\"dlayer_session_form\";a:1:{s:3:\"ENT\";i:1371419200;}s:23:\"dlayer_session_template\";a:1:{s:3:\"ENT\";i:1371418331;}}dlayer_session|a:2:{s:7:\"site_id\";i:1;s:9:\"module_id\";s:1:\"3\";}dlayer_session_form|a:6:{s:7:\"form_id\";i:1;s:4:\"tool\";s:8:\"textarea\";s:8:\"field_id\";N;s:10:\"tool_model\";s:8:\"Textarea\";s:3:\"tab\";s:8:\"textarea\";s:14:\"selected_field\";s:2:\"11\";}dlayer_session_template|a:5:{s:11:\"template_id\";i:1;s:4:\"tool\";s:16:\"background-color\";s:6:\"div_id\";s:3:\"161\";s:10:\"tool_model\";s:15:\"BackgroundColor\";s:3:\"tab\";s:9:\"palette-1\";}');

/*Table structure for table `form_field_attribute_types` */

DROP TABLE IF EXISTS `form_field_attribute_types`;

CREATE TABLE `form_field_attribute_types` (
  `id` tinyint(3) unsigned NOT NULL AUTO_INCREMENT,
  `name` varchar(25) COLLATE utf8_unicode_ci NOT NULL,
  `type` varchar(25) COLLATE utf8_unicode_ci NOT NULL,
  PRIMARY KEY (`id`)
) ENGINE=InnoDB AUTO_INCREMENT=3 DEFAULT CHARSET=utf8 COLLATE=utf8_unicode_ci;

/*Data for the table `form_field_attribute_types` */

insert  into `form_field_attribute_types`(`id`,`name`,`type`) values (1,'Integer','integer'),(2,'String','string');

/*Table structure for table `form_field_attributes` */

DROP TABLE IF EXISTS `form_field_attributes`;

CREATE TABLE `form_field_attributes` (
  `id` tinyint(3) unsigned NOT NULL AUTO_INCREMENT,
  `field_type_id` tinyint(3) unsigned NOT NULL,
  `name` varchar(255) COLLATE utf8_unicode_ci NOT NULL,
  `attribute` varchar(255) COLLATE utf8_unicode_ci DEFAULT NULL,
  `attribute_type_id` tinyint(3) unsigned NOT NULL,
  PRIMARY KEY (`id`),
  KEY `field_type_id` (`field_type_id`),
  KEY `attribute_type_id` (`attribute_type_id`),
  CONSTRAINT `form_field_attributes_ibfk_1` FOREIGN KEY (`field_type_id`) REFERENCES `form_field_types` (`id`),
  CONSTRAINT `form_field_attributes_ibfk_2` FOREIGN KEY (`attribute_type_id`) REFERENCES `form_field_attribute_types` (`id`)
) ENGINE=InnoDB AUTO_INCREMENT=5 DEFAULT CHARSET=utf8 COLLATE=utf8_unicode_ci;

/*Data for the table `form_field_attributes` */

insert  into `form_field_attributes`(`id`,`field_type_id`,`name`,`attribute`,`attribute_type_id`) values (1,1,'Size','size',1),(2,1,'Max length','maxlength',1),(3,2,'Columns','cols',1),(4,2,'Rows','rows',1);

/*Table structure for table `form_field_types` */

DROP TABLE IF EXISTS `form_field_types`;

CREATE TABLE `form_field_types` (
  `id` tinyint(3) unsigned NOT NULL AUTO_INCREMENT,
  `name` varchar(25) COLLATE utf8_unicode_ci NOT NULL,
  `type` varchar(25) COLLATE utf8_unicode_ci NOT NULL,
  `description` varchar(255) COLLATE utf8_unicode_ci NOT NULL,
  `enabled` tinyint(1) unsigned NOT NULL DEFAULT '0',
  PRIMARY KEY (`id`),
  UNIQUE KEY `name` (`name`),
  KEY `enabled` (`enabled`)
) ENGINE=InnoDB AUTO_INCREMENT=3 DEFAULT CHARSET=utf8 COLLATE=utf8_unicode_ci;

/*Data for the table `form_field_types` */

insert  into `form_field_types`(`id`,`name`,`type`,`description`,`enabled`) values (1,'Text field','text','A single line form input',1),(2,'Textarea field','textarea','A multiple line for input',1);

/*Table structure for table `user_form_field_attributes` */

DROP TABLE IF EXISTS `user_form_field_attributes`;

CREATE TABLE `user_form_field_attributes` (
  `id` int(11) unsigned NOT NULL AUTO_INCREMENT,
  `site_id` int(11) unsigned NOT NULL,
  `form_id` int(11) unsigned NOT NULL,
  `field_id` int(11) unsigned NOT NULL,
  `attribute_id` tinyint(3) unsigned NOT NULL,
  `attribute` varchar(255) COLLATE utf8_unicode_ci NOT NULL,
  PRIMARY KEY (`id`),
  KEY `site_id` (`site_id`),
  KEY `form_id` (`form_id`),
  KEY `field_id` (`field_id`),
  KEY `attribute_id` (`attribute_id`),
  CONSTRAINT `user_form_field_attributes_ibfk_1` FOREIGN KEY (`site_id`) REFERENCES `user_sites` (`id`),
  CONSTRAINT `user_form_field_attributes_ibfk_2` FOREIGN KEY (`form_id`) REFERENCES `user_forms` (`id`),
  CONSTRAINT `user_form_field_attributes_ibfk_3` FOREIGN KEY (`field_id`) REFERENCES `user_form_fields` (`id`),
  CONSTRAINT `user_form_field_attributes_ibfk_4` FOREIGN KEY (`attribute_id`) REFERENCES `form_field_attributes` (`id`)
) ENGINE=InnoDB AUTO_INCREMENT=21 DEFAULT CHARSET=utf8 COLLATE=utf8_unicode_ci;

/*Data for the table `user_form_field_attributes` */

insert  into `user_form_field_attributes`(`id`,`site_id`,`form_id`,`field_id`,`attribute_id`,`attribute`) values (1,1,1,1,1,'40'),(2,1,1,1,2,'255'),(3,1,1,2,1,'40'),(4,1,1,2,2,'255'),(5,1,1,3,3,'40'),(6,1,1,3,4,'2'),(7,1,1,5,3,'50'),(8,1,1,5,4,'3'),(9,1,1,6,1,'40'),(10,1,1,6,2,'255'),(11,1,1,7,1,'40'),(12,1,1,7,2,'255'),(13,1,1,8,1,'40'),(14,1,1,8,2,'255'),(15,1,1,9,3,'40'),(16,1,1,9,4,'2'),(17,1,1,10,1,'40'),(18,1,1,10,2,'255'),(19,1,1,11,3,'40'),(20,1,1,11,4,'2');

/*Table structure for table `user_form_fields` */

DROP TABLE IF EXISTS `user_form_fields`;

CREATE TABLE `user_form_fields` (
  `id` int(11) unsigned NOT NULL AUTO_INCREMENT,
  `site_id` int(11) unsigned NOT NULL,
  `form_id` int(11) unsigned NOT NULL,
  `field_type_id` tinyint(3) unsigned NOT NULL,
  `label` varchar(255) COLLATE utf8_unicode_ci NOT NULL,
  `description` varchar(255) COLLATE utf8_unicode_ci NOT NULL,
  `enabled` tinyint(1) unsigned NOT NULL DEFAULT '0',
  PRIMARY KEY (`id`),
  KEY `site_id` (`site_id`),
  KEY `form_id` (`form_id`),
  KEY `field_type_id` (`field_type_id`),
  KEY `enabled` (`enabled`),
  CONSTRAINT `user_form_fields_ibfk_1` FOREIGN KEY (`site_id`) REFERENCES `user_sites` (`id`),
  CONSTRAINT `user_form_fields_ibfk_2` FOREIGN KEY (`form_id`) REFERENCES `user_forms` (`id`),
  CONSTRAINT `user_form_fields_ibfk_3` FOREIGN KEY (`field_type_id`) REFERENCES `form_field_types` (`id`)
) ENGINE=InnoDB AUTO_INCREMENT=12 DEFAULT CHARSET=utf8 COLLATE=utf8_unicode_ci;

/*Data for the table `user_form_fields` */

insert  into `user_form_fields`(`id`,`site_id`,`form_id`,`field_type_id`,`label`,`description`,`enabled`) values (1,1,1,1,'Name','Please enter your name',1),(2,1,1,1,'Email','Please enter your email address',1),(3,1,1,2,'Comment','Please enter your comment',1),(5,1,1,2,'Test field','Test field description',1),(6,1,1,1,'Test','Fill in your Bra size',1),(7,1,1,1,'Testing form fields','Testing the form to see if id is set',1),(8,1,1,1,'Testing, needs to stay selected','This is the description for the field',1),(9,1,1,2,'Testing text area','Testing the text are field, should stay selected',1),(10,1,1,1,'Test','Test',1),(11,1,1,2,'Testing','Testing',1);

/*Table structure for table `user_forms` */

DROP TABLE IF EXISTS `user_forms`;

CREATE TABLE `user_forms` (
  `id` int(11) unsigned NOT NULL AUTO_INCREMENT,
  `site_id` int(11) unsigned NOT NULL,
  `name` varchar(255) COLLATE utf8_unicode_ci NOT NULL,
  `enabled` tinyint(1) NOT NULL DEFAULT '0',
  PRIMARY KEY (`id`),
  KEY `enabled` (`enabled`),
  KEY `site_id` (`site_id`),
  CONSTRAINT `user_forms_ibfk_1` FOREIGN KEY (`site_id`) REFERENCES `user_sites` (`id`)
) ENGINE=InnoDB AUTO_INCREMENT=2 DEFAULT CHARSET=utf8 COLLATE=utf8_unicode_ci;

/*Data for the table `user_forms` */

insert  into `user_forms`(`id`,`site_id`,`name`,`enabled`) values (1,1,'Test form',1);

/*Table structure for table `user_settings_color_palette_colors` */

DROP TABLE IF EXISTS `user_settings_color_palette_colors`;

CREATE TABLE `user_settings_color_palette_colors` (
  `id` int(11) unsigned NOT NULL AUTO_INCREMENT,
  `site_id` int(11) unsigned NOT NULL,
  `palette_id` int(11) unsigned NOT NULL,
  `color_type_id` tinyint(3) unsigned NOT NULL,
  `name` varchar(255) COLLATE utf8_unicode_ci NOT NULL,
  `hex` char(7) COLLATE utf8_unicode_ci NOT NULL,
  `r` smallint(3) NOT NULL DEFAULT '0',
  `g` smallint(3) NOT NULL DEFAULT '0',
  `b` smallint(3) NOT NULL DEFAULT '0',
  `enabled` tinyint(1) unsigned NOT NULL DEFAULT '0',
  PRIMARY KEY (`id`),
  KEY `enabled` (`enabled`),
  KEY `site_id` (`site_id`),
  KEY `palette_id` (`palette_id`),
  KEY `color_type_id` (`color_type_id`),
  CONSTRAINT `user_settings_color_palette_colors_ibfk_1` FOREIGN KEY (`site_id`) REFERENCES `user_sites` (`id`),
  CONSTRAINT `user_settings_color_palette_colors_ibfk_2` FOREIGN KEY (`palette_id`) REFERENCES `designer_color_palettes` (`id`),
  CONSTRAINT `user_settings_color_palette_colors_ibfk_3` FOREIGN KEY (`color_type_id`) REFERENCES `designer_color_types` (`id`)
) ENGINE=InnoDB AUTO_INCREMENT=19 DEFAULT CHARSET=utf8 COLLATE=utf8_unicode_ci;

/*Data for the table `user_settings_color_palette_colors` */

insert  into `user_settings_color_palette_colors`(`id`,`site_id`,`palette_id`,`color_type_id`,`name`,`hex`,`r`,`g`,`b`,`enabled`) values (10,1,1,1,'Black','#000000',0,0,0,1),(11,1,1,2,'Tan','#f3f1df',127,127,127,1),(12,1,1,3,'Dark grey','#666666',102,102,102,1),(13,1,2,1,'Blue','#336699',51,102,127,1),(14,1,2,2,'Dark grey','#666666',102,102,102,1),(15,1,2,3,'Grey','#999999',127,127,127,1),(16,1,3,1,'Blue','#003366',0,51,102,1),(17,1,3,2,'White','#FFFFFF',127,127,127,1),(18,1,3,3,'Green','#000000',127,127,255,1);

/*Table structure for table `user_settings_color_palettes` */

DROP TABLE IF EXISTS `user_settings_color_palettes`;

CREATE TABLE `user_settings_color_palettes` (
  `id` int(11) unsigned NOT NULL AUTO_INCREMENT,
  `site_id` int(11) unsigned NOT NULL,
  `name` varchar(255) COLLATE utf8_unicode_ci NOT NULL,
  `view_script` char(9) COLLATE utf8_unicode_ci NOT NULL,
  `sort_order` tinyint(2) NOT NULL DEFAULT '1',
  `enabled` tinyint(1) unsigned NOT NULL DEFAULT '1',
  PRIMARY KEY (`id`),
  KEY `enabled` (`enabled`),
  KEY `site_id` (`site_id`),
  KEY `view_script` (`view_script`),
  CONSTRAINT `user_settings_color_palettes_ibfk_1` FOREIGN KEY (`site_id`) REFERENCES `user_sites` (`id`)
) ENGINE=InnoDB AUTO_INCREMENT=4 DEFAULT CHARSET=utf8 COLLATE=utf8_unicode_ci;

/*Data for the table `user_settings_color_palettes` */

insert  into `user_settings_color_palettes`(`id`,`site_id`,`name`,`view_script`,`sort_order`,`enabled`) values (1,1,'Palette 1','palette-1',1,1),(2,1,'Palette 2','palette-2',2,1),(3,1,'Palette 3','palette-3',3,1);

/*Table structure for table `user_settings_headings` */

DROP TABLE IF EXISTS `user_settings_headings`;

CREATE TABLE `user_settings_headings` (
  `id` int(11) unsigned NOT NULL AUTO_INCREMENT,
  `site_id` int(11) unsigned NOT NULL,
  `heading_id` tinyint(3) unsigned NOT NULL,
  `style_id` tinyint(3) unsigned NOT NULL,
  `weight_id` tinyint(3) unsigned NOT NULL,
  `decoration_id` tinyint(3) unsigned NOT NULL,
  `size` tinyint(3) unsigned NOT NULL DEFAULT '12',
  `hex` char(7) COLLATE utf8_unicode_ci NOT NULL DEFAULT '#000000',
  `sort_order` tinyint(3) unsigned NOT NULL DEFAULT '1',
  `enabled` tinyint(1) unsigned NOT NULL DEFAULT '0',
  PRIMARY KEY (`id`),
  KEY `enabled` (`enabled`),
  KEY `site_id` (`site_id`),
  KEY `style_id` (`style_id`),
  KEY `weight_id` (`weight_id`),
  KEY `decoration_id` (`decoration_id`),
  KEY `heading_id` (`heading_id`),
  CONSTRAINT `user_settings_headings_ibfk_1` FOREIGN KEY (`site_id`) REFERENCES `user_sites` (`id`),
  CONSTRAINT `user_settings_headings_ibfk_3` FOREIGN KEY (`style_id`) REFERENCES `designer_css_text_styles` (`id`),
  CONSTRAINT `user_settings_headings_ibfk_4` FOREIGN KEY (`weight_id`) REFERENCES `designer_css_text_weights` (`id`),
  CONSTRAINT `user_settings_headings_ibfk_5` FOREIGN KEY (`decoration_id`) REFERENCES `designer_css_text_decorations` (`id`),
  CONSTRAINT `user_settings_headings_ibfk_6` FOREIGN KEY (`heading_id`) REFERENCES `designer_html_headings` (`id`)
) ENGINE=InnoDB AUTO_INCREMENT=8 DEFAULT CHARSET=utf8 COLLATE=utf8_unicode_ci;

/*Data for the table `user_settings_headings` */

insert  into `user_settings_headings`(`id`,`site_id`,`heading_id`,`style_id`,`weight_id`,`decoration_id`,`size`,`hex`,`sort_order`,`enabled`) values (1,1,1,1,2,1,20,'#17365d',1,1),(2,1,2,1,2,1,18,'#366092',2,1),(3,1,3,1,2,1,16,'#366092',3,1),(4,1,4,1,2,1,14,'#366092',4,1),(5,1,5,2,2,1,14,'#366092',5,1),(6,1,6,1,1,1,12,'#366092',6,1),(7,1,7,2,1,1,12,'#366092',7,1);

/*Table structure for table `user_site_page_content` */

DROP TABLE IF EXISTS `user_site_page_content`;

CREATE TABLE `user_site_page_content` (
  `id` int(11) unsigned NOT NULL AUTO_INCREMENT,
  `page_id` int(11) unsigned NOT NULL,
  `template_id` int(11) unsigned NOT NULL,
  `div_id` int(11) unsigned NOT NULL,
  `content_type` int(11) unsigned NOT NULL,
  `sort_order` tinyint(3) unsigned NOT NULL DEFAULT '1',
  PRIMARY KEY (`id`),
  KEY `page_id` (`page_id`),
  KEY `content_type` (`content_type`),
  KEY `sort_order` (`sort_order`),
  KEY `template_id` (`template_id`),
  KEY `div_id` (`div_id`),
  CONSTRAINT `user_site_page_content_ibfk_1` FOREIGN KEY (`page_id`) REFERENCES `user_site_pages` (`id`),
  CONSTRAINT `user_site_page_content_ibfk_3` FOREIGN KEY (`content_type`) REFERENCES `designer_content_types` (`id`),
  CONSTRAINT `user_site_page_content_ibfk_4` FOREIGN KEY (`template_id`) REFERENCES `user_site_templates` (`id`),
  CONSTRAINT `user_site_page_content_ibfk_5` FOREIGN KEY (`div_id`) REFERENCES `user_site_template_divs` (`id`)
) ENGINE=InnoDB AUTO_INCREMENT=3 DEFAULT CHARSET=utf8 COLLATE=utf8_unicode_ci;

/*Data for the table `user_site_page_content` */

insert  into `user_site_page_content`(`id`,`page_id`,`template_id`,`div_id`,`content_type`,`sort_order`) values (1,1,1,163,1,1),(2,1,1,163,1,2);

/*Table structure for table `user_site_page_content_text` */

DROP TABLE IF EXISTS `user_site_page_content_text`;

CREATE TABLE `user_site_page_content_text` (
  `id` int(11) unsigned NOT NULL AUTO_INCREMENT,
  `page_id` int(11) unsigned NOT NULL,
  `content_id` int(11) unsigned NOT NULL,
  `width` int(4) unsigned NOT NULL DEFAULT '0',
  `padding` tinyint(2) unsigned NOT NULL DEFAULT '0',
  `title` varchar(255) COLLATE utf8_unicode_ci DEFAULT NULL,
  `show_title` tinyint(1) NOT NULL DEFAULT '0',
  `title_style_id` int(11) unsigned NOT NULL,
  `content` text COLLATE utf8_unicode_ci NOT NULL,
  PRIMARY KEY (`id`),
  KEY `page_id` (`page_id`),
  KEY `content_id` (`content_id`),
  KEY `title_style_id` (`title_style_id`),
  CONSTRAINT `user_site_page_content_text_ibfk_1` FOREIGN KEY (`page_id`) REFERENCES `user_site_pages` (`id`),
  CONSTRAINT `user_site_page_content_text_ibfk_2` FOREIGN KEY (`content_id`) REFERENCES `user_site_page_content` (`id`),
  CONSTRAINT `user_site_page_content_text_ibfk_3` FOREIGN KEY (`title_style_id`) REFERENCES `user_settings_headings` (`id`)
) ENGINE=InnoDB AUTO_INCREMENT=3 DEFAULT CHARSET=utf8 COLLATE=utf8_unicode_ci;

/*Data for the table `user_site_page_content_text` */

insert  into `user_site_page_content_text`(`id`,`page_id`,`content_id`,`width`,`padding`,`title`,`show_title`,`title_style_id`,`content`) values (1,1,1,830,5,'Test content',1,1,'<p>Lorem ipsum dolor sit amet, consectetur adipiscing elit. Aliquam tincidunt tristique venenatis. Praesent elementum risus id odio tincidunt consectetur. Aliquam a tortor ligula. Suspendisse facilisis fermentum lectus, eu tempus sapien imperdiet ac. Aenean ut eleifend lacus.</p>\r\n<p>Lorem ipsum dolor sit amet, consectetur adipiscing elit. Aliquam tincidunt tristique venenatis. Praesent elementum risus id odio tincidunt consectetur. Aliquam a tortor ligula. Suspendisse facilisis fermentum lectus, eu tempus sapien imperdiet ac. Aenean ut eleifend lacus.</p>\r\n<p>Lorem ipsum dolor sit amet, consectetur adipiscing elit. Aliquam tincidunt tristique venenatis. Praesent elementum risus id odio tincidunt consectetur. Aliquam a tortor ligula. Suspendisse facilisis fermentum lectus, eu tempus sapien imperdiet ac. Aenean ut eleifend lacus.</p>'),(2,1,2,830,5,'Test content 2',1,5,'<p>Lorem ipsum dolor sit amet, consectetur adipiscing elit. Aliquam tincidunt tristique venenatis. Praesent elementum risus id odio tincidunt consectetur. Aliquam a tortor ligula. Suspendisse facilisis fermentum lectus, eu tempus sapien imperdiet ac. Aenean ut eleifend lacus.</p>\r\n\r\n<p>Lorem ipsum dolor sit amet, consectetur adipiscing elit. Aliquam tincidunt tristique venenatis. Praesent elementum risus id odio tincidunt consectetur. Aliquam a tortor ligula. Suspendisse facilisis fermentum lectus, eu tempus sapien imperdiet ac. Aenean ut eleifend lacus.</p>');

/*Table structure for table `user_site_pages` */

DROP TABLE IF EXISTS `user_site_pages`;

CREATE TABLE `user_site_pages` (
  `id` int(11) unsigned NOT NULL AUTO_INCREMENT,
  `site_id` int(11) unsigned NOT NULL,
  `template_id` int(11) unsigned NOT NULL,
  `name` varchar(255) COLLATE utf8_unicode_ci NOT NULL,
  `title` varchar(255) COLLATE utf8_unicode_ci NOT NULL,
  `enabled` tinyint(1) unsigned NOT NULL DEFAULT '0',
  PRIMARY KEY (`id`),
  KEY `enabled` (`enabled`),
  KEY `site_id` (`site_id`),
  KEY `user_site_pages_ibfk_2` (`template_id`),
  CONSTRAINT `user_site_pages_ibfk_1` FOREIGN KEY (`site_id`) REFERENCES `user_sites` (`id`),
  CONSTRAINT `user_site_pages_ibfk_2` FOREIGN KEY (`template_id`) REFERENCES `user_site_templates` (`id`)
) ENGINE=InnoDB AUTO_INCREMENT=2 DEFAULT CHARSET=utf8 COLLATE=utf8_unicode_ci;

/*Data for the table `user_site_pages` */

insert  into `user_site_pages`(`id`,`site_id`,`template_id`,`name`,`title`,`enabled`) values (1,1,2,'Home page','G3D Development Limited',1);

/*Table structure for table `user_site_template_div_background_colors` */

DROP TABLE IF EXISTS `user_site_template_div_background_colors`;

CREATE TABLE `user_site_template_div_background_colors` (
  `id` int(11) unsigned NOT NULL AUTO_INCREMENT,
  `template_id` int(11) unsigned NOT NULL,
  `div_id` int(11) unsigned NOT NULL,
  `hex` char(7) COLLATE utf8_unicode_ci NOT NULL,
  PRIMARY KEY (`id`),
  KEY `template_id` (`template_id`),
  KEY `div_id` (`div_id`),
  CONSTRAINT `user_site_template_div_background_colors_ibfk_1` FOREIGN KEY (`template_id`) REFERENCES `user_site_templates` (`id`),
  CONSTRAINT `user_site_template_div_background_colors_ibfk_2` FOREIGN KEY (`div_id`) REFERENCES `user_site_template_divs` (`id`)
) ENGINE=InnoDB AUTO_INCREMENT=22 DEFAULT CHARSET=utf8 COLLATE=utf8_unicode_ci;

/*Data for the table `user_site_template_div_background_colors` */

insert  into `user_site_template_div_background_colors`(`id`,`template_id`,`div_id`,`hex`) values (17,1,160,'#999999'),(19,1,159,'#f3f1df'),(20,1,162,'#336699'),(21,1,161,'#003366');

/*Table structure for table `user_site_template_div_borders` */

DROP TABLE IF EXISTS `user_site_template_div_borders`;

CREATE TABLE `user_site_template_div_borders` (
  `id` int(11) unsigned NOT NULL AUTO_INCREMENT,
  `template_id` int(11) unsigned NOT NULL,
  `div_id` int(11) unsigned NOT NULL,
  `position` enum('top','right','bottom','left') COLLATE utf8_unicode_ci NOT NULL,
  `style` varchar(25) COLLATE utf8_unicode_ci NOT NULL,
  `width` int(3) unsigned NOT NULL DEFAULT '1',
  `hex` char(7) COLLATE utf8_unicode_ci NOT NULL DEFAULT '#000000',
  PRIMARY KEY (`id`),
  KEY `position` (`position`),
  KEY `template_id` (`template_id`),
  KEY `div_id` (`div_id`),
  KEY `style` (`style`),
  CONSTRAINT `user_site_template_div_borders_ibfk_1` FOREIGN KEY (`template_id`) REFERENCES `user_site_templates` (`id`),
  CONSTRAINT `user_site_template_div_borders_ibfk_2` FOREIGN KEY (`div_id`) REFERENCES `user_site_template_divs` (`id`),
  CONSTRAINT `user_site_template_div_borders_ibfk_3` FOREIGN KEY (`style`) REFERENCES `designer_css_border_styles` (`style`)
) ENGINE=InnoDB AUTO_INCREMENT=17 DEFAULT CHARSET=utf8 COLLATE=utf8_unicode_ci;

/*Data for the table `user_site_template_div_borders` */

insert  into `user_site_template_div_borders`(`id`,`template_id`,`div_id`,`position`,`style`,`width`,`hex`) values (13,1,161,'top','dashed',5,'#000000'),(14,1,161,'right','dashed',5,'#000000'),(15,1,161,'bottom','dashed',5,'#000000'),(16,1,161,'left','dashed',5,'#000000');

/*Table structure for table `user_site_template_div_sizes` */

DROP TABLE IF EXISTS `user_site_template_div_sizes`;

CREATE TABLE `user_site_template_div_sizes` (
  `id` int(11) unsigned NOT NULL AUTO_INCREMENT,
  `template_id` int(11) unsigned NOT NULL,
  `div_id` int(11) unsigned NOT NULL,
  `width` int(4) NOT NULL DEFAULT '0',
  `height` int(4) NOT NULL DEFAULT '0',
  `design_height` int(4) NOT NULL DEFAULT '0',
  PRIMARY KEY (`id`),
  KEY `template_id` (`template_id`),
  KEY `div_id` (`div_id`),
  CONSTRAINT `user_site_template_div_sizes_ibfk_2` FOREIGN KEY (`template_id`) REFERENCES `user_site_templates` (`id`),
  CONSTRAINT `user_site_template_div_sizes_ibfk_3` FOREIGN KEY (`div_id`) REFERENCES `user_site_template_divs` (`id`)
) ENGINE=InnoDB AUTO_INCREMENT=164 DEFAULT CHARSET=utf8 COLLATE=utf8_unicode_ci;

/*Data for the table `user_site_template_div_sizes` */

insert  into `user_site_template_div_sizes`(`id`,`template_id`,`div_id`,`width`,`height`,`design_height`) values (158,1,158,980,0,170),(159,1,159,980,0,370),(160,1,160,140,0,170),(161,1,161,830,0,160),(162,1,162,140,0,370),(163,1,163,840,0,370);

/*Table structure for table `user_site_template_divs` */

DROP TABLE IF EXISTS `user_site_template_divs`;

CREATE TABLE `user_site_template_divs` (
  `id` int(11) unsigned NOT NULL AUTO_INCREMENT,
  `site_id` int(11) unsigned NOT NULL,
  `template_id` int(11) unsigned NOT NULL,
  `parent_id` int(11) NOT NULL DEFAULT '0' COMMENT 'Parent, always set, base divs have a parent_id of 0',
  `sort_order` tinyint(1) unsigned NOT NULL DEFAULT '1' COMMENT 'Sort order within grouping',
  PRIMARY KEY (`id`),
  KEY `parent_id` (`parent_id`),
  KEY `sort_order` (`sort_order`),
  KEY `site_id` (`site_id`),
  KEY `template_id` (`template_id`),
  CONSTRAINT `user_site_template_divs_ibfk_1` FOREIGN KEY (`site_id`) REFERENCES `user_sites` (`id`),
  CONSTRAINT `user_site_template_divs_ibfk_2` FOREIGN KEY (`template_id`) REFERENCES `user_site_templates` (`id`)
) ENGINE=InnoDB AUTO_INCREMENT=164 DEFAULT CHARSET=utf8 COLLATE=utf8_unicode_ci;

/*Data for the table `user_site_template_divs` */

insert  into `user_site_template_divs`(`id`,`site_id`,`template_id`,`parent_id`,`sort_order`) values (158,1,1,0,1),(159,1,1,0,2),(160,1,1,158,1),(161,1,1,158,2),(162,1,1,159,1),(163,1,1,159,2);

/*Table structure for table `user_site_templates` */

DROP TABLE IF EXISTS `user_site_templates`;

CREATE TABLE `user_site_templates` (
  `id` int(11) unsigned NOT NULL AUTO_INCREMENT,
  `site_id` int(11) unsigned NOT NULL,
  `name` varchar(255) COLLATE utf8_unicode_ci NOT NULL,
  `enabled` tinyint(1) unsigned NOT NULL DEFAULT '1',
  PRIMARY KEY (`id`),
  KEY `enabled` (`enabled`),
  KEY `site_id` (`site_id`),
  CONSTRAINT `user_site_templates_ibfk_1` FOREIGN KEY (`site_id`) REFERENCES `user_sites` (`id`)
) ENGINE=InnoDB AUTO_INCREMENT=3 DEFAULT CHARSET=utf8 COLLATE=utf8_unicode_ci;

/*Data for the table `user_site_templates` */

insert  into `user_site_templates`(`id`,`site_id`,`name`,`enabled`) values (1,1,'Template 1 site 1',1),(2,1,'Template 2 site 1',1);

/*Table structure for table `user_sites` */

DROP TABLE IF EXISTS `user_sites`;

CREATE TABLE `user_sites` (
  `id` int(11) unsigned NOT NULL AUTO_INCREMENT,
  `name` varchar(255) COLLATE utf8_unicode_ci NOT NULL,
  `enabled` tinyint(1) unsigned NOT NULL DEFAULT '1',
  PRIMARY KEY (`id`),
  KEY `enabled` (`enabled`)
) ENGINE=InnoDB AUTO_INCREMENT=2 DEFAULT CHARSET=utf8 COLLATE=utf8_unicode_ci;

/*Data for the table `user_sites` */

insert  into `user_sites`(`id`,`name`,`enabled`) values (1,'Demo site 1',1);

/*!40101 SET SQL_MODE=@OLD_SQL_MODE */;
/*!40014 SET FOREIGN_KEY_CHECKS=@OLD_FOREIGN_KEY_CHECKS */;
/*!40014 SET UNIQUE_CHECKS=@OLD_UNIQUE_CHECKS */;
/*!40111 SET SQL_NOTES=@OLD_SQL_NOTES */;
